"0773f182-6681-49cb-97c2-c84a11a28850","aabf6e87-fdda-4c78-9c46-0f183070063b","2025-03-18 11:48:16","2025-03-18 11:48:16","2025-04-27 14:00:00",\N,"Delhi","5","12","115257"
"09599f7f-a910-4545-984d-92effc7f275a","aabf6e87-fdda-4c78-9c46-0f183070063b","2025-03-18 11:48:16","2025-03-18 11:48:16","2025-05-25 14:00:00",\N,"Ahmedabad","6","4","118880"
"11c6f132-e6e5-49dc-8ea8-5d411869a055","aabf6e87-fdda-4c78-9c46-0f183070063b","2025-03-18 11:48:16","2025-03-18 11:48:16","2025-03-29 14:00:00",\N,"Ahmedabad","6","9","115014"
"13418f12-c004-4765-b0e5-feca59e2c352","aabf6e87-fdda-4c78-9c46-0f183070063b","2025-03-18 11:48:16","2025-03-18 11:48:16","2025-04-15 14:00:00",\N,"New Chandigarh","10","7","115156"
"13c3cdcc-97f0-4c32-b725-6a0e1d96b181","aabf6e87-fdda-4c78-9c46-0f183070063b","2025-03-18 11:48:16","2025-03-18 11:48:16","2025-05-24 14:00:00",\N,"Jaipur","10","5","118874"
"141570e9-2656-4534-a1a4-ca7bdaca5f14","aabf6e87-fdda-4c78-9c46-0f183070063b","2025-03-18 11:48:16","2025-03-18 11:48:16","2025-05-27 14:00:00",\N,"Lucknow","8","12","118898"
"19fa8021-8d99-4058-81eb-46d99abb9b4a","aabf6e87-fdda-4c78-9c46-0f183070063b","2025-03-18 11:48:16","2025-03-18 11:48:16","2025-04-02 14:00:00",\N,"Bengaluru","12","6","115048"
"1d1cb568-7e48-4930-96dd-e6fb3c5bc45c","aabf6e87-fdda-4c78-9c46-0f183070063b","2025-03-18 11:48:16","2025-03-18 11:48:16","2025-05-22 14:00:00",\N,"Ahmedabad","6","8","118862"
"1f3ec219-2ad9-4e67-9b6e-0bce1761a98f","aabf6e87-fdda-4c78-9c46-0f183070063b","2025-03-18 11:48:16","2025-03-18 11:48:16","2025-03-23 10:00:00",\N,"Hyderabad","13","11","114967"
"2096e3cb-71f8-4097-912d-37661ee2142e","aabf6e87-fdda-4c78-9c46-0f183070063b","2025-03-18 11:48:16","2025-03-18 11:48:16","2025-04-06 14:00:00",\N,"Hyderabad","13","6","115093"
"212dcaa8-24e5-48a7-be5c-9da2fafb33b9","aabf6e87-fdda-4c78-9c46-0f183070063b","2025-03-18 11:48:16","2025-03-18 11:48:16","2025-05-01 14:00:00",\N,"Jaipur","11","9","115291"
"23f00111-4727-4ec5-8e81-8efc38221122","aabf6e87-fdda-4c78-9c46-0f183070063b","2025-03-18 11:48:16","2025-03-18 11:48:16","2025-04-17 14:00:00",\N,"Mumbai","9","13","115167"
"287d6c32-4934-47c5-8b1d-653e696b3731","aabf6e87-fdda-4c78-9c46-0f183070063b","2025-03-18 11:48:16","2025-03-18 11:48:16","2025-03-27 14:00:00",\N,"Hyderabad","13","8","115005"
"29531424-1a8f-4b92-8dce-43c8e011237b","aabf6e87-fdda-4c78-9c46-0f183070063b","2025-03-18 11:48:16","2025-03-18 11:48:16","2025-04-20 10:00:00",\N,"New Chandigarh","10","12","115192"
"2aa6996c-6a3e-4e2c-be2b-6dfb6b603381","aabf6e87-fdda-4c78-9c46-0f183070063b","2025-03-18 11:48:16","2025-03-18 11:48:16","2025-04-29 14:00:00",\N,"Delhi","5","7","115275"
"2bf031de-0003-4d5e-a993-aa9a81e5a4db","aabf6e87-fdda-4c78-9c46-0f183070063b","2025-03-18 11:48:16","2025-03-18 11:48:16","2025-05-05 14:00:00",\N,"Hyderabad","13","5","115327"
"34c9e392-dc93-4720-a05a-f59754fe6b21","aabf6e87-fdda-4c78-9c46-0f183070063b","2025-03-18 11:48:16","2025-03-18 11:48:16","2025-04-21 14:00:00",\N,"Kolkata","7","6","115210"
"37d6f567-67af-4eb3-b485-8bafddce5060","aabf6e87-fdda-4c78-9c46-0f183070063b","2025-03-18 11:48:16","2025-03-18 11:48:16","2025-04-13 10:00:00",\N,"Jaipur","11","12","115138"
"3c57470b-ecee-4959-aab9-a3002180d75e","aabf6e87-fdda-4c78-9c46-0f183070063b","2025-03-18 11:48:16","2025-03-18 11:48:16","2025-04-01 14:00:00",\N,"Lucknow","8","10","115039"
"44ad6684-4998-43f4-bc05-34376fd2b571","aabf6e87-fdda-4c78-9c46-0f183070063b","2025-03-18 11:48:16","2025-03-18 11:48:16","2025-04-13 14:00:00",\N,"Delhi","5","9","115140"
"4688b079-8905-4d6d-bfea-d0a62c89840c","aabf6e87-fdda-4c78-9c46-0f183070063b","2025-03-18 11:48:16","2025-03-18 11:48:16","2025-03-28 14:00:00",\N,"Chennai","4","12","115012"
"4942f0ac-14b4-4c5d-a679-88250851997a","aabf6e87-fdda-4c78-9c46-0f183070063b","2025-03-18 11:48:16","2025-03-18 11:48:16","2025-04-25 14:00:00",\N,"Chennai","4","13","115239"
"4db2df76-78a9-4e8f-85f0-ed8e1e5d8713","aabf6e87-fdda-4c78-9c46-0f183070063b","2025-03-18 11:48:16","2025-03-18 11:48:16","2025-05-06 14:00:00",\N,"Mumbai","9","6","115336"
"4f057523-e18f-4931-aaab-41aaa48b6845","aabf6e87-fdda-4c78-9c46-0f183070063b","2025-03-18 11:48:16","2025-03-18 11:48:16","2025-04-08 14:00:00",\N,"New Chandigarh","10","4","115102"
"4f531ac7-97dd-400d-aadf-d77b071eb804","aabf6e87-fdda-4c78-9c46-0f183070063b","2025-03-18 11:48:16","2025-03-18 11:48:16","2025-04-23 14:00:00",\N,"Hyderabad","13","9","115221"
"5829076c-133e-40d7-9b54-23e395e212b6","aabf6e87-fdda-4c78-9c46-0f183070063b","2025-03-18 11:48:16","2025-03-18 11:48:16","2025-05-18 14:00:00",\N,"Delhi","5","6","118829"
"59d8c714-a2cc-4fda-bf43-1e4002e8663a","aabf6e87-fdda-4c78-9c46-0f183070063b","2025-03-18 11:48:16","2025-03-18 11:48:16","2025-04-07 14:00:00",\N,"Mumbai","9","12","115095"
"62f0a866-8324-4b49-a113-97ca9a65a01e","aabf6e87-fdda-4c78-9c46-0f183070063b","2025-05-30 03:54:54","2025-05-30 03:54:54","2025-05-30 14:00:00",\N,"Chandigarh","6","9","118916"
"6327f1dc-916f-46df-93b7-c7bfd9106d59","aabf6e87-fdda-4c78-9c46-0f183070063b","2025-03-18 11:48:16","2025-03-18 11:48:16","2025-03-26 14:00:00",\N,"Guwahati","11","7","114996"
"65a18dec-b0e7-447a-9022-fd49606eb3c7","aabf6e87-fdda-4c78-9c46-0f183070063b","2025-03-18 11:48:16","2025-03-18 11:48:16","2025-03-23 14:00:00",\N,"Chennai","4","9","114976"
"669ea871-5268-4df1-a8f3-831059847cc1","aabf6e87-fdda-4c78-9c46-0f183070063b","2025-03-18 11:48:16","2025-03-18 11:48:16","2025-03-30 10:00:00",\N,"Visakhapatnam","5","13","115021"
"6aafc68d-6869-43a0-b860-6b84a0a984ae","aabf6e87-fdda-4c78-9c46-0f183070063b","2025-03-18 11:48:16","2025-03-18 11:48:16","2025-05-07 14:00:00",\N,"Kolkata","7","4","115345"
"79338cd6-733b-423c-8f77-137527be80b3","aabf6e87-fdda-4c78-9c46-0f183070063b","2025-03-18 11:48:16","2025-03-18 11:48:16","2025-04-08 10:00:00",\N,"Kolkata","7","8","115084"
"7eab353f-80c5-454c-90f3-85f391c5d237","aabf6e87-fdda-4c78-9c46-0f183070063b","2025-03-18 11:48:16","2025-03-18 11:48:16","2025-05-02 14:00:00",\N,"Ahmedabad","6","13","115300"
"81e68116-fd5e-4042-8067-3573302bf666","aabf6e87-fdda-4c78-9c46-0f183070063b","2025-03-18 11:48:16","2025-03-18 11:48:16","2025-05-03 14:00:00",\N,"Bengaluru","12","4","115302"
"844086ce-cf6e-44cc-a426-a863e0a9331b","aabf6e87-fdda-4c78-9c46-0f183070063b","2025-03-18 11:48:16","2025-03-18 11:48:16","2025-04-22 14:00:00",\N,"Lucknow","8","5","115212"
"8499e5bb-88c4-4cfa-a87b-455fd3ccf989","aabf6e87-fdda-4c78-9c46-0f183070063b","2025-03-18 11:48:16","2025-03-18 11:48:16","2025-04-11 14:00:00",\N,"Chennai","4","7","115113"
"84a0bf6d-f3b7-4b5a-9f2d-226c075df3d3","aabf6e87-fdda-4c78-9c46-0f183070063b","2025-03-18 11:48:16","2025-03-18 11:48:16","2025-05-25 10:00:00",\N,"Delhi","13","7","118883"
"85484a14-03f8-4b8d-bf8d-10cc3b841d02","aabf6e87-fdda-4c78-9c46-0f183070063b","2025-03-18 11:48:16","2025-03-18 11:48:16","2025-04-26 14:00:00",\N,"Kolkata","7","10","115248"
"8573f977-89b7-4b33-af0e-84e7a60f2de2","aabf6e87-fdda-4c78-9c46-0f183070063b","2025-03-18 11:48:16","2025-03-18 11:48:16","2025-03-30 14:00:00",\N,"Guwahati","11","4","115030"
"8a0a1619-78c6-4c7d-bfa0-a2dd1f6bd822","aabf6e87-fdda-4c78-9c46-0f183070063b","2025-03-18 11:48:16","2025-03-18 11:48:16","2025-03-31 14:00:00",\N,"Mumbai","9","7","115032"
"8fb258be-54c2-43f7-b560-14febaf00be2","aabf6e87-fdda-4c78-9c46-0f183070063b","2025-03-18 11:48:16","2025-03-18 11:48:16","2025-04-12 14:00:00",\N,"Hyderabad","13","10","115129"
"90ad7fb9-aa06-4550-8c73-20d660c22760","aabf6e87-fdda-4c78-9c46-0f183070063b","2025-03-18 11:48:16","2025-03-18 11:48:16","2025-05-20 14:00:00",\N,"Delhi","4","11","118847"
"92f399db-205f-499b-bd24-a0062afa5277","aabf6e87-fdda-4c78-9c46-0f183070063b","2025-03-18 11:48:16","2025-03-18 11:48:16","2025-04-03 14:00:00",\N,"Kolkata","7","13","115050"
"9f3d4241-2c37-49e2-a851-b705196a41be","aabf6e87-fdda-4c78-9c46-0f183070063b","2025-03-18 11:48:16","2025-03-18 11:48:16","2025-04-30 14:00:00",\N,"Chennai","4","10","115282"
"a26ff2b3-6da8-4b5a-8fd5-d0ea7c7ed450","aabf6e87-fdda-4c78-9c46-0f183070063b","2025-03-18 11:48:16","2025-03-18 11:48:16","2025-04-04 14:00:00",\N,"Lucknow","8","9","115059"
"a583d2cd-341b-4f14-9ed9-a637664dea7b","aabf6e87-fdda-4c78-9c46-0f183070063b","2025-03-18 11:48:16","2025-03-18 11:48:16","2025-04-12 10:00:00",\N,"Lucknow","8","6","115122"
"a7a2593a-b73a-42a7-9d10-7b9a8cde2495","aabf6e87-fdda-4c78-9c46-0f183070063b","2025-03-18 11:48:16","2025-03-18 11:48:16","2025-03-24 14:00:00",\N,"Visakhapatnam","5","8","114985"
"b249114e-c415-4d95-9c0f-2aabe7277ebb","aabf6e87-fdda-4c78-9c46-0f183070063b","2025-03-18 11:48:16","2025-03-18 11:48:16","2025-03-25 14:00:00",\N,"Ahmedabad","6","10","114987"
"b29e5c68-22fc-4710-80b0-e5827fab4cf3","aabf6e87-fdda-4c78-9c46-0f183070063b","2025-03-18 11:48:16","2025-03-18 11:48:16","2025-04-27 10:00:00",\N,"Mumbai","9","8","115255"
"b40e654c-7a4a-4b4e-a7bb-260c64684c2f","aabf6e87-fdda-4c78-9c46-0f183070063b","2025-03-18 11:48:16","2025-03-18 11:48:16","2025-03-22 14:00:00",\N,"Kolkata","7","12","114960"
"b4273305-126c-4583-b61e-0927c2f72d88","aabf6e87-fdda-4c78-9c46-0f183070063b","2025-03-18 11:48:16","2025-03-18 11:48:16","2025-04-05 14:00:00",\N,"New Chandigarh","10","11","115075"
"b50cee77-557e-4560-9ae1-5129c51fc551","aabf6e87-fdda-4c78-9c46-0f183070063b","2025-03-18 11:48:16","2025-03-18 11:48:16","2025-04-24 14:00:00",\N,"Bengaluru","12","11","115230"
"b943e0f5-e211-4b23-be54-99b52a192918","aabf6e87-fdda-4c78-9c46-0f183070063b","2025-03-18 11:48:16","2025-03-18 11:48:16","2025-05-17 14:00:00",\N,"Bengaluru","12","7","118811"
"baac6743-8429-47c9-931d-7b4989b55623","aabf6e87-fdda-4c78-9c46-0f183070063b","2025-03-18 11:48:16","2025-03-18 11:48:16","2025-05-26 14:00:00",\N,"Jaipur","10","9","118892"
"bc2cd83f-b149-4855-af66-1f02bd831587","aabf6e87-fdda-4c78-9c46-0f183070063b","2025-03-18 11:48:16","2025-03-18 11:48:16","2025-04-18 14:00:00",\N,"Bengaluru","12","10","115174"
"c23586f7-21a7-437d-8952-cbfd42a1b7ba","aabf6e87-fdda-4c78-9c46-0f183070063b","2025-03-18 11:48:16","2025-03-18 11:48:16","2025-04-05 10:00:00",\N,"Chennai","4","5","115068"
"c7b790d9-1421-4a8a-9541-599e91ce3940","aabf6e87-fdda-4c78-9c46-0f183070063b","2025-03-18 11:48:16","2025-03-18 11:48:16","2025-04-16 14:00:00",\N,"Delhi","5","11","115165"
"ca82784b-dc8a-4f48-81ea-f1284acce5ec","aabf6e87-fdda-4c78-9c46-0f183070063b","2025-03-18 11:48:16","2025-03-18 11:48:16","2025-04-20 14:00:00",\N,"Mumbai","9","4","115201"
"cf2708de-cfd9-40b5-b74c-a66fc47e9d7c","aabf6e87-fdda-4c78-9c46-0f183070063b","2025-03-18 11:48:16","2025-03-18 11:48:16","2025-05-19 14:00:00",\N,"Lucknow","8","13","118838"
"cfc01c71-3934-43ff-80ec-7dab3233ef3d","aabf6e87-fdda-4c78-9c46-0f183070063b","2025-03-18 11:48:16","2025-03-18 11:48:16","2025-05-23 14:00:00",\N,"Lucknow","12","13","118865"
"d301fc4f-6db9-44b1-bedc-0f7e9d3b0c6d","aabf6e87-fdda-4c78-9c46-0f183070063b","2025-03-18 11:48:16","2025-03-18 11:48:16","2025-04-14 14:00:00",\N,"Lucknow","8","4","115149"
"da198d04-df45-4122-95ac-453a68aa4844","aabf6e87-fdda-4c78-9c46-0f183070063b","2025-03-18 11:48:16","2025-03-18 11:48:16","2025-04-19 10:00:00",\N,"Ahmedabad","6","5","115176"
"db45a89d-2995-4a7e-b5e8-f7f202196d6e","aabf6e87-fdda-4c78-9c46-0f183070063b","2025-03-18 11:48:16","2025-03-18 11:48:16","2025-05-18 10:00:00",\N,"Jaipur","11","10","118820"
"de0144c9-b200-4702-a491-ca591e4f6742","aabf6e87-fdda-4c78-9c46-0f183070063b","2025-03-18 11:48:16","2025-03-18 11:48:16","2025-04-28 14:00:00",\N,"Jaipur","11","6","115266"
"e6fb69eb-4333-475d-bfd5-ef920d448cee","aabf6e87-fdda-4c78-9c46-0f183070063b","2025-03-18 11:48:16","2025-03-18 11:48:16","2025-04-09 14:00:00",\N,"Ahmedabad","6","11","115104"
"e7053f05-28bb-4d91-b259-ce9174f287ea","aabf6e87-fdda-4c78-9c46-0f183070063b","2025-03-18 11:48:16","2025-03-18 11:48:16","2025-05-04 10:00:00",\N,"Kolkata","7","11","115309"
"f0ed4963-f3c2-4f24-83cc-d48bd4fda0c4","aabf6e87-fdda-4c78-9c46-0f183070063b","2025-03-18 11:48:16","2025-03-18 11:48:16","2025-05-04 14:00:00",\N,"Dharamsala","10","8","115318"
"f8e96f31-0190-4718-b8e0-b490bc2709e7","aabf6e87-fdda-4c78-9c46-0f183070063b","2025-03-18 11:48:16","2025-03-18 11:48:16","2025-04-10 14:00:00",\N,"Bengaluru","12","5","115111"
"f9eed3a8-3708-465d-a017-6dec4bbf20b7","aabf6e87-fdda-4c78-9c46-0f183070063b","2025-03-18 11:48:16","2025-03-18 11:48:16","2025-04-19 14:00:00",\N,"Jaipur","11","8","115183"
"fa5d5167-ea1f-4e88-91ac-907320d3c8fd","aabf6e87-fdda-4c78-9c46-0f183070063b","2025-05-30 03:54:13","2025-05-30 03:54:13","2025-05-29 14:00:00",\N,"Chandigarh","10","12","118907"
"feeac57d-9654-4e09-a751-e4904c45eeb9","aabf6e87-fdda-4c78-9c46-0f183070063b","2025-03-18 11:48:16","2025-03-18 11:48:16","2025-05-21 14:00:00",\N,"Mumbai","9","5","118853"
